患者ID,分组,partition,y,label_basis,primary_site,CSF protein,Glucose,Chloride,Lactate,LDH,ADA,AST,Nucleated cells,Total cells,RBC,LNR,LMR
SYNTHETIC_001,癌症非脑膜转移对照组,Development,0,synthetic label,肺癌,3.8883,7.3837,6.6896,1.5555,2.4397,3.7233,8.1928,5.1256,3.1822,5.8719,4.2856,4.6483
SYNTHETIC_002,阳性组,Development,1,synthetic label,乳腺癌,9.9362,5.055,6.7588,9.2654,7.0059,0.6485,1.94,4.3966,1.956,6.3957,4.9779,1.5383
SYNTHETIC_003,癌症非脑膜转移对照组,Development,0,synthetic label,消化道肿瘤,0.1886,5.0767,5.4858,8.3747,6.9804,6.7607,7.4405,2.109,4.4523,6.6974,5.8148,0.3122
SYNTHETIC_004,阳性组,Development,1,synthetic label,其他,2.6462,5.2682,7.9569,2.5141,4.4092,7.9745,4.9387,9.7055,2.0902,9.9749,0.2406,1.9224
SYNTHETIC_005,癌症非脑膜转移对照组,Development,0,synthetic label,肺癌,1.4459,5.6731,1.8975,1.2964,9.0827,0.8255,1.7519,3.4529,2.3589,9.1555,9.5957,1.7008
SYNTHETIC_006,阳性组,Development,1,synthetic label,乳腺癌,3.0931,8.2023,5.2162,3.1091,8.0972,7.5343,1.5964,0.2792,9.8465,5.6731,4.3342,1.5175
SYNTHETIC_007,癌症非脑膜转移对照组,Development,0,synthetic label,消化道肿瘤,6.3736,9.3793,9.0049,8.9947,4.9318,5.5338,1.1421,0.6816,7.7125,2.7342,9.3737,1.3352
SYNTHETIC_008,阳性组,Development,1,synthetic label,其他,8.6495,4.8506,2.6607,6.6088,2.6054,3.3291,1.4195,0.7972,8.9513,7.8221,0.9629,0.3811
SYNTHETIC_009,癌症非脑膜转移对照组,Development,0,synthetic label,肺癌,2.5177,3.3433,8.3358,5.5836,7.7892,0.749,3.5399,4.8339,4.2776,2.9531,2.5652,7.5279
SYNTHETIC_010,阳性组,Development,1,synthetic label,乳腺癌,3.0638,3.3121,9.5067,0.2907,4.1896,3.6769,2.2548,5.9576,1.849,2.5107,1.8432,8.3444
SYNTHETIC_011,癌症非脑膜转移对照组,Development,0,synthetic label,消化道肿瘤,3.2688,5.853,6.6591,1.6145,7.3355,1.9672,0.4706,0.7586,9.3623,0.5796,8.5926,0.8162
SYNTHETIC_012,阳性组,Development,1,synthetic label,其他,6.7724,1.45,1.144,7.9899,4.8823,2.2201,1.6329,1.1128,7.2143,2.3854,8.6777,3.2022
SYNTHETIC_013,癌症非脑膜转移对照组,Development,0,synthetic label,肺癌,5.7078,4.9403,0.45,8.4352,4.2954,0.8259,2.8149,9.4283,0.8722,7.131,7.2229,4.2053
SYNTHETIC_014,阳性组,Development,1,synthetic label,乳腺癌,7.5613,8.8132,9.8046,9.7442,8.8298,4.7606,5.8043,6.1333,4.7358,5.2722,4.6805,2.4139
SYNTHETIC_015,癌症非脑膜转移对照组,Development,0,synthetic label,消化道肿瘤,2.0045,3.3492,9.642,4.3532,7.2923,7.5068,9.6407,3.4377,7.2982,0.9145,2.9392,6.9244
SYNTHETIC_016,阳性组,Development,1,synthetic label,其他,2.6542,7.2043,2.6687,6.1477,9.3483,0.2402,4.3583,0.2478,9.8329,4.0492,7.0764,4.0149
SYNTHETIC_017,癌症非脑膜转移对照组,Development,0,synthetic label,肺癌,5.907,8.3809,3.5998,2.9322,8.0385,6.735,9.0863,0.3014,2.3196,6.0393,3.3103,3.7238
SYNTHETIC_018,阳性组,Development,1,synthetic label,乳腺癌,4.1987,0.1167,5.0137,8.5697,3.1253,2.9997,4.6453,8.7397,8.4477,2.6424,8.3713,1.889
SYNTHETIC_019,癌症非脑膜转移对照组,Development,0,synthetic label,消化道肿瘤,3.1682,5.6179,8.3717,4.8361,4.6246,3.7684,0.6888,4.0127,6.4634,5.5767,0.3165,2.7834
SYNTHETIC_020,阳性组,Development,1,synthetic label,其他,4.9354,0.1108,3.4012,3.8588,3.2978,0.4015,7.0543,0.3668,9.4869,8.1282,2.2204,5.9933
SYNTHETIC_021,癌症非脑膜转移对照组,Development,0,synthetic label,肺癌,8.6751,6.0729,1.4993,7.4016,0.741,8.1752,6.2038,3.3911,9.4013,7.1641,1.9324,2.0222
SYNTHETIC_022,阳性组,Development,1,synthetic label,乳腺癌,7.7127,6.3659,9.804,5.8211,9.346,0.1188,5.9994,7.2971,0.5928,8.9217,6.1997,5.4894
SYNTHETIC_023,癌症非脑膜转移对照组,Development,0,synthetic label,消化道肿瘤,5.223,4.9976,6.376,8.6688,4.5547,3.6457,1.7752,6.0852,8.3205,8.629,4.8443,0.9419
SYNTHETIC_024,阳性组,Development,1,synthetic label,其他,2.5413,2.078,7.3784,8.0769,0.4282,4.9711,7.1366,4.4136,9.8136,3.8994,4.1334,1.4962
SYNTHETIC_025,癌症非脑膜转移对照组,Development,0,synthetic label,肺癌,4.3633,7.5409,5.9195,9.5723,9.7408,5.2534,7.7871,6.9416,8.0223,8.5419,8.6471,1.1422
SYNTHETIC_026,阳性组,Development,1,synthetic label,乳腺癌,7.6998,9.2362,0.9267,9.7613,9.3657,6.6381,0.1411,1.9132,7.8846,5.838,6.5176,6.2821
SYNTHETIC_027,癌症非脑膜转移对照组,Development,0,synthetic label,消化道肿瘤,2.376,6.8393,9.8743,5.1857,9.059,9.2258,1.8534,2.3517,5.1246,9.7783,6.0447,6.4812
SYNTHETIC_028,阳性组,Development,1,synthetic label,其他,9.8861,2.3666,1.8157,3.1701,6.8435,0.5583,7.5112,0.2763,4.9289,3.535,4.4781,7.9722
SYNTHETIC_029,癌症非脑膜转移对照组,Development,0,synthetic label,肺癌,5.5931,3.5277,1.0911,0.4178,4.3195,4.5777,6.5112,9.345,4.0341,1.1984,9.2623,5.4292
SYNTHETIC_030,阳性组,Development,1,synthetic label,乳腺癌,1.7636,3.9684,2.8405,6.1573,5.1642,4.5056,5.3138,4.8532,6.966,6.9997,8.354,6.1797
SYNTHETIC_031,癌症非脑膜转移对照组,Internal test,0,synthetic label,消化道肿瘤,1.8801,1.9406,2.7013,7.9059,6.6765,7.0839,7.6145,8.1875,7.2254,3.1832,9.2462,1.7263
SYNTHETIC_032,阳性组,Internal test,1,synthetic label,其他,2.7111,2.9408,3.1482,8.8795,4.6302,6.8169,3.9307,3.2103,5.5574,1.4148,0.1478,2.1706
SYNTHETIC_033,癌症非脑膜转移对照组,Internal test,0,synthetic label,肺癌,3.7467,7.4076,7.3993,9.6885,5.0347,1.7158,3.0702,1.0509,8.0443,7.5731,8.099,9.3738
SYNTHETIC_034,阳性组,Internal test,1,synthetic label,乳腺癌,5.1451,4.6988,2.307,6.7158,9.8078,5.8582,9.7106,0.8466,5.2585,0.6295,7.9171,5.1209
SYNTHETIC_035,癌症非脑膜转移对照组,Internal test,0,synthetic label,消化道肿瘤,6.3048,3.3098,8.778,4.7114,0.8891,9.1164,2.5027,7.9189,0.9197,4.9951,2.2112,5.1734
SYNTHETIC_036,阳性组,Internal test,1,synthetic label,其他,4.989,5.0696,3.4404,1.3406,7.5336,6.017,5.4569,0.1076,7.6313,6.3169,2.485,3.872
SYNTHETIC_037,癌症非脑膜转移对照组,Internal test,0,synthetic label,肺癌,1.5529,3.7045,5.5144,3.1657,2.0781,1.3118,0.1884,8.0037,8.9102,1.1755,7.5081,9.386
SYNTHETIC_038,阳性组,Internal test,1,synthetic label,乳腺癌,9.2231,0.291,5.2252,6.5597,3.6037,3.1043,8.8703,9.9169,2.3225,3.9039,3.0143,2.2315
SYNTHETIC_039,癌症非脑膜转移对照组,Internal test,0,synthetic label,消化道肿瘤,2.1832,7.8536,8.4763,3.7007,1.5285,2.942,6.6441,1.0911,1.9323,6.645,6.6374,6.7438
SYNTHETIC_040,阳性组,Internal test,1,synthetic label,其他,4.9073,3.9944,4.5752,1.2316,6.3371,6.2717,8.4249,6.0957,5.0417,6.9288,7.6908,8.2763
